timestamp,scenario_id,repetition,expected,observed,command_id,d_actual,d_nominal,d_supervisada,ttc_nominal,t_min,speed_scale,qdot_medida_max,latency_end_to_end_ms,limiting_segment,reason_code,observation_count,d_nominal_decreased,scale_decreased,scale_recovered,controller_status,expected_segment,jog_hold_age_ms,horizon_update_ms,verdict,saturation_confirmed,joint_velocity_violation,joint_velocity_checked
2026-09-25T14:31:48.378939+00:00,E01,1,ALLOW,ALLOW,jog_continuous,1.3338670898688045,1.3295481154223454,1.3295481154223454,-1.0,1.0,1.0,0.21610709300962563,44.99999999825377,wrist_2_to_tool,CLEAR,262,true,false,false,UNAVAILABLE,UNAVAILABLE,-1.0,94.55689400056144,PASS,false,false,true
2026-09-25T14:35:53.718709+00:00,E01,2,ALLOW,ALLOW,jog_continuous,1.3489457193367982,1.3489341186101917,1.3489341186101917,-1.0,1.0,1.0,0.1682117005814123,55.999999996856786,wrist_2_to_tool,CLEAR,249,true,false,false,UNAVAILABLE,UNAVAILABLE,35.06486100377515,68.9795009966474,PASS,false,false,true
2026-09-25T14:36:24.760745+00:00,E01,3,ALLOW,ALLOW,jog_continuous,1.5359771570089267,1.5359771570089267,1.5359771570089267,-1.0,0.0,1.0,0.1996702102513373,40.000000000873115,wrist_2_to_tool,CLEAR,269,true,false,false,UNAVAILABLE,UNAVAILABLE,39.86683500261279,92.60464999533724,PASS,true,false,true
2026-09-25T14:36:44.146125+00:00,E01,4,ALLOW,ALLOW,jog_continuous,1.5352246583195357,1.5352246296107208,1.5352246296107208,-1.0,1.0,1.0,0.23267650671803253,57.99999999726424,wrist_2_to_tool,CLEAR,296,true,false,false,UNAVAILABLE,UNAVAILABLE,37.92293799779145,64.9267350017908,PASS,true,false,true
2026-09-25T14:37:02.238155+00:00,E01,5,ALLOW,ALLOW,jog_continuous,1.5456911085861678,1.5447183331997465,1.5447183331997465,-1.0,1.0,1.0,0.22903280298394096,35.00000000349246,wrist_2_to_tool,CLEAR,301,true,false,false,UNAVAILABLE,UNAVAILABLE,35.21383099723607,136.13476900354726,PASS,true,false,true
2026-09-25T15:15:49.938077+00:00,E02,1,ALLOW|WARNING,WARNING,E02_BATCH_1,0.20014284003146388,0.20013096715840223,0.20013096715840223,-1.0,1.0,1.0,0.05728006233777852,349.0000000000002,upper_arm_to_forearm,JOG_WATCHDOG_EXPIRED,106,true,false,false,UNAVAILABLE,UNAVAILABLE,727.4856160001946,581.7169239962823,PASS,false,false,true
2026-09-25T15:15:59.598334+00:00,E02,2,ALLOW|WARNING,WARNING,E02_BATCH_2,0.20001587414966826,0.20001576157324558,0.20001576157324558,-1.0,1.0,1.0,0.056594649169505185,314.00000000000006,upper_arm_to_forearm,JOG_WATCHDOG_EXPIRED,104,false,false,false,UNAVAILABLE,UNAVAILABLE,703.3732810014044,562.0527639985085,PASS,false,false,true
2026-09-25T15:16:09.316124+00:00,E02,3,ALLOW|WARNING,WARNING,E02_BATCH_3,0.2001306860027005,0.20012187879276466,0.20012187879276466,-1.0,1.0,1.0,0.05635355162218636,300.00000000000426,upper_arm_to_forearm,JOG_WATCHDOG_EXPIRED,100,true,false,false,UNAVAILABLE,UNAVAILABLE,723.2767109962879,487.4938569992082,PASS,false,false,true
2026-09-25T15:16:18.991425+00:00,E02,4,ALLOW|WARNING,WARNING,E02_BATCH_4,0.20011786516606805,0.2001112890032541,0.2001112890032541,-1.0,1.0,1.0,0.057416331045338775,292.99999999999926,upper_arm_to_forearm,JOG_WATCHDOG_EXPIRED,104,true,false,false,UNAVAILABLE,UNAVAILABLE,687.4339290006901,539.111411999329,PASS,false,false,true
2026-09-25T15:16:28.583887+00:00,E02,5,ALLOW|WARNING,WARNING,E02_BATCH_5,0.20009623718470726,0.20009064590067926,0.20009064590067926,-1.0,1.0,1.0,0.05491451503038369,318.00000000000495,upper_arm_to_forearm,JOG_WATCHDOG_EXPIRED,105,true,false,false,UNAVAILABLE,UNAVAILABLE,737.5783769966802,455.25030200224137,PASS,false,false,true
2026-09-25T15:16:45.901235+00:00,E03,1,ALLOW|REDUCTION|WARNING,REDUCTION,C_BATCH_E03_1,0.07799549455481172,-0.06923506342704885,0.02002015921965067,0.3239218787332484,1.0,0.2353515625,0.18504178696489282,394.00000000000546,wrist_2_to_tool,PREDICTIVE_INTRUSION,17,true,true,false,UNAVAILABLE,UNAVAILABLE,244.31935699976748,-1.0,PASS,true,false,true
2026-09-25T15:17:01.001600+00:00,E03,2,ALLOW|REDUCTION|WARNING,REDUCTION,C_BATCH_E03_2,0.08437189307230195,-0.11661252553010241,0.02003329874037038,0.31074480474868577,1.0,0.2353515625,0.1953697006267897,525.9999999999962,wrist_2_to_tool,PREDICTIVE_INTRUSION,18,true,true,false,UNAVAILABLE,UNAVAILABLE,452.75950100040063,-1.0,PASS,true,false,true
2026-09-25T15:17:15.525183+00:00,E03,3,ALLOW|REDUCTION|WARNING,REDUCTION,C_BATCH_E03_3,0.11924191101735551,-0.07058381218531642,0.020061912848774205,0.47491673712732724,1.0,0.3876953125,0.1865479410427345,499.00000000000944,wrist_2_to_tool,PREDICTIVE_INTRUSION,17,true,true,false,UNAVAILABLE,UNAVAILABLE,636.622615995293,-1.0,PASS,true,false,true
2026-09-25T15:17:30.084027+00:00,E03,4,ALLOW|REDUCTION|WARNING,REDUCTION,C_BATCH_E03_4,0.08513868676735462,-0.1145736589416336,0.020107250636149515,0.31422878959403816,1.0,0.23828125,0.19690848184935217,382.000000000005,wrist_2_to_tool,PREDICTIVE_INTRUSION,17,true,true,false,UNAVAILABLE,UNAVAILABLE,0.564132998988498,-1.0,PASS,true,false,true
2026-09-25T15:17:44.725392+00:00,E03,5,ALLOW|REDUCTION|WARNING,REDUCTION,C_BATCH_E03_5,0.08315674380948693,-0.14210020986552363,0.020176682556641373,0.3262780087421904,1.0,0.2470703125,0.2021361406619324,445.0000000000074,wrist_2_to_tool,PREDICTIVE_INTRUSION,17,true,true,false,UNAVAILABLE,UNAVAILABLE,576.9094669958577,-1.0,PASS,true,false,true
2026-09-25T15:17:59.380128+00:00,E04,1,REDUCTION,REDUCTION,C_BATCH_E04_1,0.10040247755014772,-0.11968097166351664,0.02002313124620078,0.37786253818103327,1.0,0.30078125,0.20914025227783972,397.00000000000557,wrist_2_to_tool,PREDICTIVE_INTRUSION,16,true,true,false,UNAVAILABLE,UNAVAILABLE,488.27058100141585,-1.0,PASS,true,false,true
2026-09-25T15:18:14.849451+00:00,E04,2,REDUCTION,REDUCTION,C_BATCH_E04_2,0.08111023144872823,-0.13492443094089346,0.020018791638544364,0.3019439765747707,1.0,0.2265625,0.2106545223423314,475.9999999999991,wrist_2_to_tool,PREDICTIVE_INTRUSION,17,true,true,false,UNAVAILABLE,UNAVAILABLE,0.6560809997608885,-1.0,PASS,true,false,true
2026-09-25T15:18:29.471282+00:00,E04,3,REDUCTION,REDUCTION,C_BATCH_E04_3,0.07889822791182796,-0.12079115227135785,0.020173551163428283,0.2970034345677697,1.0,0.2197265625,0.21084890534766879,414.99999999999204,wrist_2_to_tool,PREDICTIVE_INTRUSION,17,true,true,false,UNAVAILABLE,UNAVAILABLE,542.2002279956359,-1.0,PASS,true,false,true
2026-09-25T15:18:44.511557+00:00,E04,4,REDUCTION,REDUCTION,C_BATCH_E04_4,0.08853293773427653,-0.13492499565878785,0.02024842255752049,0.3266447196254029,1.0,0.2509765625,0.2221423830438308,401.00000000001046,wrist_2_to_tool,PREDICTIVE_INTRUSION,17,true,true,false,UNAVAILABLE,UNAVAILABLE,0.47941299999365583,-1.0,PASS,true,false,true
2026-09-25T15:18:59.374310+00:00,E04,5,REDUCTION,REDUCTION,C_BATCH_E04_5,0.08767568644616677,-0.120581717840476,0.020202407016365942,0.32810571135697714,1.0,0.2509765625,0.2069886035924726,376.0000000000048,wrist_2_to_tool,PREDICTIVE_INTRUSION,16,true,true,false,UNAVAILABLE,UNAVAILABLE,452.58102400111966,-1.0,PASS,true,false,true
2026-09-25T15:19:05.484578+00:00,E06,1,STOP,STOP,C_BATCH_E06_1,0.040700906215728,0.04070090618454883,0.040700906215728,-1.0,0.0,0.0,0.04026066617669048,510.9999999999957,wrist_2_to_tool,CURRENT_CLEARANCE_STOP,43,false,false,false,UNAVAILABLE,UNAVAILABLE,652.1426039980724,-1.0,PASS,false,false,true
2026-09-25T15:19:11.501318+00:00,E06,2,STOP,STOP,C_BATCH_E06_2,0.039833204089941926,0.039833204089941926,0.039833204089941926,-1.0,0.0,0.0,1.121931894609851e-09,502.00000000000955,wrist_2_to_tool,CURRENT_CLEARANCE_STOP,43,false,false,false,UNAVAILABLE,UNAVAILABLE,675.3552189984475,-1.0,PASS,false,false,true
2026-09-25T15:19:17.451382+00:00,E06,3,STOP,STOP,C_BATCH_E06_3,0.03983320389527842,0.03983320389527842,0.03983320389527842,-1.0,0.0,0.0,1.1219322137989707e-09,524.0000000000009,wrist_2_to_tool,CURRENT_CLEARANCE_STOP,40,false,false,false,UNAVAILABLE,UNAVAILABLE,627.9027689961367,-1.0,PASS,false,false,true
2026-09-25T15:19:23.359208+00:00,E06,4,STOP,STOP,C_BATCH_E06_4,0.039833203700287145,0.039833203700287145,0.039833203700287145,-1.0,0.0,0.0,1.1219320229793883e-09,515.9999999999911,wrist_2_to_tool,CURRENT_CLEARANCE_STOP,45,false,false,false,UNAVAILABLE,UNAVAILABLE,641.8410159967607,-1.0,PASS,false,false,true
2026-09-25T15:19:29.378215+00:00,E06,5,STOP,STOP,C_BATCH_E06_5,0.03983320349606592,0.03983320349606592,0.03983320349606592,-1.0,0.0,0.0,1.121931610115201e-09,506.0000000000002,wrist_2_to_tool,CURRENT_CLEARANCE_STOP,42,false,false,false,UNAVAILABLE,UNAVAILABLE,627.3151639979915,-1.0,PASS,false,false,true
2026-09-25T15:31:56.725090+00:00,E05,1,REDUCTION,REDUCTION,C_BATCH_E05_1,0.07719570774355913,-0.13489481812052342,0.020228486986357125,0.28432711115524506,1.0,0.208984375,0.20763409809910233,548.9999999999782,wrist_2_to_tool,PREDICTIVE_INTRUSION,18,true,true,false,UNAVAILABLE,UNAVAILABLE,732.7603040030226,-1.0,PASS,true,false,true
2026-09-25T15:32:10.852369+00:00,E05,2,REDUCTION,REDUCTION,C_BATCH_E05_2,0.0693806083157417,-0.12032623474087412,0.020175502212957552,0.2633487807690421,1.0,0.185546875,0.20892508740937898,432.00000000001637,wrist_2_to_tool,PREDICTIVE_INTRUSION,18,true,true,false,UNAVAILABLE,UNAVAILABLE,1.8457320038578473,-1.0,PASS,true,false,true
2026-09-25T15:32:25.255784+00:00,E05,3,REDUCTION,REDUCTION,C_BATCH_E05_3,0.07137606602095017,-0.13597759213248678,0.020002326092936007,0.2642570227600427,1.0,0.189453125,0.2084947575724166,486.99999999996635,wrist_2_to_tool,PREDICTIVE_INTRUSION,18,true,true,false,UNAVAILABLE,UNAVAILABLE,2.0671750025940128,-1.0,PASS,true,false,true
2026-09-25T15:32:39.316291+00:00,E05,4,REDUCTION,REDUCTION,C_BATCH_E05_4,0.07921172056107159,-0.12011163004666141,0.020080381263903352,0.3014091628358558,1.0,0.2236328125,0.21315554145091886,513.0000000000337,wrist_2_to_tool,PREDICTIVE_INTRUSION,17,true,true,false,UNAVAILABLE,UNAVAILABLE,60.46494100155542,-1.0,PASS,true,false,true
2026-09-25T15:32:53.917830+00:00,E05,5,REDUCTION,REDUCTION,C_BATCH_E05_5,0.07157883706476234,-0.13547733592557903,0.02017336665883132,0.2635034560820366,1.0,0.1884765625,0.20741893323028604,432.00000000001637,wrist_2_to_tool,PREDICTIVE_INTRUSION,18,true,true,false,UNAVAILABLE,UNAVAILABLE,1.9720630007213913,-1.0,PASS,true,false,true
2026-09-25T15:39:09.320154+00:00,E07,1,ALLOW|REDUCTION|STOP|WARNING,ALLOW,C_BATCH_E07_1,0.37028476996838,0.37028476996838,0.37028476996838,-1.0,0.0,1.0,0.22067327968354142,29.999999999972715,wrist_2_to_tool,CLEAR,76,true,true,true,UNAVAILABLE,UNAVAILABLE,0.5726989984395914,196.70136999775423,PASS,true,false,true
2026-09-25T15:39:24.556458+00:00,E07,2,ALLOW|REDUCTION|STOP|WARNING,ALLOW,C_BATCH_E07_2,0.38057969690909166,0.38057969690909166,0.38057969690909166,-1.0,0.0,1.0,0.2091402521772427,34.99999999985448,wrist_2_to_tool,CLEAR,80,true,true,true,UNAVAILABLE,UNAVAILABLE,0.5214370030444115,189.03970399696846,PASS,true,false,true
2026-09-25T15:39:40.680550+00:00,E07,3,ALLOW|REDUCTION|STOP|WARNING,WARNING,C_BATCH_E07_3,0.34440455344971743,0.34440455344971743,0.34440455344971743,-1.0,0.0,1.0,0.2164558578617545,28.00000000002001,wrist_2_to_tool,TEMPORAL_RECOVERY,78,true,true,true,UNAVAILABLE,UNAVAILABLE,0.7635389993083663,185.1508850013488,PASS,true,false,true
2026-09-25T15:39:55.996967+00:00,E07,4,ALLOW|REDUCTION|STOP|WARNING,ALLOW,C_BATCH_E07_4,0.37892495225952205,0.37892495225952205,0.37892495225952205,-1.0,0.0,1.0,0.20978574678214076,30.99999999994907,wrist_2_to_tool,CLEAR,82,true,true,true,UNAVAILABLE,UNAVAILABLE,0.8029439995880239,206.97769399703247,PASS,true,false,true
2026-09-25T15:40:11.850167+00:00,E07,5,ALLOW|REDUCTION|STOP|WARNING,ALLOW,C_BATCH_E07_5,0.3431254557647172,0.3431254557647172,0.3431254557647172,-1.0,0.0,1.0,0.21934385091738703,33.99999999987813,wrist_2_to_tool,CLEAR,80,true,true,true,UNAVAILABLE,UNAVAILABLE,0.543237998499535,173.46361099771457,PASS,true,false,true
2026-09-25T15:48:17.987800+00:00,E08,1,ALLOW|REDUCTION|WARNING,ALLOW,C_BATCH_E08_1,1.8191502176963437,1.8191502176963437,1.8191502176963437,-1.0,0.0,1.0,0.21787410892158743,35.000000000081855,shoulder_to_upper_arm,CLEAR,75,true,false,false,UNAVAILABLE,UNAVAILABLE,0.6558929962920956,76.63635800417978,PASS,true,false,true
2026-09-25T15:48:24.050676+00:00,E08,2,ALLOW|REDUCTION|WARNING,ALLOW,C_BATCH_E08_2,1.8192171559699237,1.8192171559699237,1.8192171559699237,-1.0,0.0,1.0,0.24896251425165716,40.99999999993997,shoulder_to_upper_arm,CLEAR,70,true,false,false,UNAVAILABLE,UNAVAILABLE,0.5534600059036165,41.908890001650434,PASS,true,false,true
2026-09-25T15:48:30.086529+00:00,E08,3,ALLOW|REDUCTION|WARNING,ALLOW,C_BATCH_E08_3,1.8193134165447287,1.8193134165447287,1.8193134165447287,-1.0,0.0,1.0,0.2342445028419371,34.99999999985448,shoulder_to_upper_arm,CLEAR,74,true,false,false,UNAVAILABLE,UNAVAILABLE,0.46640199434477836,56.00106699421303,PASS,true,false,true
2026-09-25T15:48:36.151178+00:00,E08,4,ALLOW|REDUCTION|WARNING,ALLOW,C_BATCH_E08_4,1.819388191185849,1.819388191185849,1.819388191185849,-1.0,0.0,1.0,0.2525472621177971,28.00000000002001,shoulder_to_upper_arm,CLEAR,70,true,false,false,UNAVAILABLE,UNAVAILABLE,0.5016040013288148,66.64962600189028,PASS,true,false,true
2026-09-25T15:48:42.198836+00:00,E08,5,ALLOW|REDUCTION|WARNING,ALLOW,C_BATCH_E08_5,1.8194996310056029,1.8194996310056029,1.8194996310056029,-1.0,0.0,1.0,0.23337707756759585,31.99999999992542,shoulder_to_upper_arm,CLEAR,72,true,false,false,UNAVAILABLE,UNAVAILABLE,0.5467219962156378,66.9458720003604,PASS,true,false,true
2026-09-25T15:53:19.168948+00:00,E08,6,ALLOW|REDUCTION|WARNING,ALLOW,C_BATCH_E08_6,1.8195847719505762,1.8195847719505762,1.8195847719505762,-1.0,0.0,1.0,0.23052578517441413,40.99999999993997,shoulder_to_upper_arm,CLEAR,74,true,false,false,UNAVAILABLE,UNAVAILABLE,2.051904004474636,53.33537099795649,PASS,true,false,true
2026-09-25T15:53:25.270103+00:00,E08,7,ALLOW|REDUCTION|WARNING,ALLOW,C_BATCH_E08_7,1.8196776565563613,1.8196776565563613,1.8196776565563613,-1.0,0.0,1.0,0.2507034269293909,28.999999999996362,shoulder_to_upper_arm,CLEAR,75,true,false,false,UNAVAILABLE,UNAVAILABLE,3.331098996568471,42.16451999673154,PASS,true,false,true
2026-09-25T15:53:31.318269+00:00,E08,8,ALLOW|REDUCTION|WARNING,ALLOW,C_BATCH_E08_8,1.8197806955353713,1.8197806955353713,1.8197806955353713,-1.0,0.0,1.0,0.23249260361033006,42.99999999989268,shoulder_to_upper_arm,CLEAR,73,true,false,false,UNAVAILABLE,UNAVAILABLE,2.638812002260238,42.69166900485288,PASS,true,false,true
2026-09-25T15:53:37.373912+00:00,E08,9,ALLOW|REDUCTION|WARNING,ALLOW,C_BATCH_E08_9,1.819929877701588,1.819929877701588,1.819929877701588,-1.0,0.0,1.0,0.25084367874651553,31.99999999992542,shoulder_to_upper_arm,CLEAR,74,true,false,false,UNAVAILABLE,UNAVAILABLE,2.787140998407267,59.58873299823608,PASS,true,false,true
2026-09-25T15:53:43.413769+00:00,E08,10,ALLOW|REDUCTION|WARNING,ALLOW,C_BATCH_E08_10,1.8200381334971256,1.8200381334971256,1.8200381334971256,-1.0,0.0,1.0,0.23189453229105267,35.999999999830834,shoulder_to_upper_arm,CLEAR,76,true,false,false,UNAVAILABLE,UNAVAILABLE,2.6248710055369884,49.251931995968334,PASS,true,false,true
2026-09-25T16:00:25.758126+00:00,E13,1,ALLOW|REDUCTION|WARNING,ALLOW,C_BATCH_E13_1,1.818395099295493,1.8182207525556686,1.8182207525556686,-1.0,1.0,1.0,0.19897524476778283,43.00000000012005,shoulder_to_upper_arm,CLEAR,59,true,false,false,UNAVAILABLE,UNAVAILABLE,-1.0,-1.0,PASS,true,false,true
2026-09-25T16:00:31.402187+00:00,E13,2,ALLOW|REDUCTION|WARNING,ALLOW,C_BATCH_E13_2,1.8183361224488275,1.8183361224488275,1.8183361224488275,-1.0,0.0,1.0,0.29875802803865814,32.000000000152795,shoulder_to_upper_arm,CLEAR,62,false,false,false,UNAVAILABLE,UNAVAILABLE,-1.0,-1.0,PASS,true,false,true
2026-09-25T16:00:37.088309+00:00,E13,3,ALLOW|REDUCTION|WARNING,ALLOW,C_BATCH_E13_3,1.818205057899434,1.7694359013493375,1.7694359013493375,-1.0,1.0,1.0,0.20678326558365878,32.000000000152795,upper_arm_to_forearm,CLEAR,61,true,false,false,UNAVAILABLE,UNAVAILABLE,-1.0,-1.0,PASS,true,false,true
2026-09-25T16:00:42.731316+00:00,E13,4,ALLOW|REDUCTION|WARNING,ALLOW,C_BATCH_E13_4,1.8124028214066694,1.8124028214066694,1.8124028214066694,-1.0,0.0,1.0,0.2635348828200922,39.99999999996362,upper_arm_to_forearm,CLEAR,62,false,false,false,UNAVAILABLE,UNAVAILABLE,-1.0,-1.0,PASS,true,false,true
2026-09-25T16:00:48.398680+00:00,E13,5,ALLOW|REDUCTION|WARNING,ALLOW,C_BATCH_E13_5,1.75798917431766,1.6766789881628221,1.6766789881628221,-1.0,1.0,1.0,0.19963596110733173,43.99999999986903,forearm_to_wrist_1,CLEAR,64,true,false,false,UNAVAILABLE,UNAVAILABLE,-1.0,-1.0,PASS,true,false,true
